,Fecha,Contagios acum,Activos,Muertes,Recuperados,Contagios por dia,Ciudad
0,2020-03-16,2,2,0,0,2,Barranquilla
1,2020-03-19,5,5,0,0,3,Barranquilla
2,2020-03-21,7,7,0,0,2,Barranquilla
3,2020-03-24,9,7,0,2,2,Barranquilla
4,2020-03-25,12,9,0,3,3,Barranquilla
5,2020-03-27,13,9,0,4,1,Barranquilla
6,2020-03-28,16,11,0,5,3,Barranquilla
7,2020-03-29,20,14,0,6,4,Barranquilla
8,2020-03-30,21,11,0,10,1,Barranquilla
9,2020-03-31,29,18,0,11,8,Barranquilla
10,2020-04-01,31,20,0,11,2,Barranquilla
11,2020-04-03,40,26,1,13,9,Barranquilla
12,2020-04-05,42,28,1,13,2,Barranquilla
13,2020-04-06,43,28,1,14,1,Barranquilla
14,2020-04-07,46,31,1,14,3,Barranquilla
15,2020-04-08,49,30,1,18,3,Barranquilla
16,2020-04-09,55,35,2,18,6,Barranquilla
17,2020-04-10,60,40,2,18,5,Barranquilla
18,2020-04-11,64,44,2,18,4,Barranquilla
19,2020-04-12,66,45,2,19,2,Barranquilla
20,2020-04-13,67,46,2,19,1,Barranquilla
21,2020-04-14,69,48,2,19,2,Barranquilla
22,2020-04-16,70,47,2,21,1,Barranquilla
23,2020-04-17,72,48,2,22,2,Barranquilla
24,2020-04-18,75,51,2,22,3,Barranquilla
25,2020-04-19,77,49,2,26,2,Barranquilla
26,2020-04-20,78,48,3,27,1,Barranquilla
27,2020-04-21,82,52,3,27,4,Barranquilla
28,2020-04-22,85,52,4,29,3,Barranquilla
29,2020-04-23,87,54,4,29,2,Barranquilla
30,2020-04-24,92,55,4,33,5,Barranquilla
31,2020-04-25,99,59,7,33,7,Barranquilla
32,2020-04-26,111,68,7,36,12,Barranquilla
33,2020-04-27,129,85,7,37,18,Barranquilla
34,2020-04-28,138,93,7,38,9,Barranquilla
35,2020-04-29,140,95,7,38,2,Barranquilla
36,2020-04-30,159,111,10,38,19,Barranquilla
37,2020-05-01,164,113,13,38,5,Barranquilla
38,2020-05-02,196,141,15,40,32,Barranquilla
39,2020-05-03,242,184,17,41,46,Barranquilla
40,2020-05-04,253,192,18,43,11,Barranquilla
41,2020-05-05,298,228,21,49,45,Barranquilla
42,2020-05-06,305,221,22,62,7,Barranquilla
43,2020-05-07,322,234,23,65,17,Barranquilla
44,2020-05-08,380,285,26,69,58,Barranquilla
45,2020-05-09,391,294,26,71,11,Barranquilla
46,2020-05-10,426,324,28,74,35,Barranquilla
47,2020-05-11,450,341,30,79,24,Barranquilla
48,2020-05-12,487,375,32,80,37,Barranquilla
49,2020-05-13,591,474,32,85,104,Barranquilla
50,2020-05-14,653,527,34,92,62,Barranquilla
51,2020-05-15,714,571,35,108,61,Barranquilla
52,2020-05-16,745,599,36,110,31,Barranquilla
53,2020-05-17,828,678,37,113,83,Barranquilla
54,2020-05-18,850,687,38,125,22,Barranquilla
55,2020-05-19,886,711,43,132,36,Barranquilla
56,2020-05-20,952,762,45,145,66,Barranquilla
57,2020-05-21,1035,817,47,171,83,Barranquilla
58,2020-05-22,1093,856,53,184,58,Barranquilla
59,2020-05-23,1236,982,57,197,143,Barranquilla
60,2020-05-24,1340,1064,62,214,104,Barranquilla
61,2020-05-25,1374,1077,65,232,34,Barranquilla
62,2020-05-26,1465,1130,77,258,91,Barranquilla
63,2020-05-27,1509,1144,82,283,44,Barranquilla
64,2020-05-28,1590,1181,91,318,81,Barranquilla
65,2020-05-29,1671,1238,97,336,81,Barranquilla
66,2020-05-30,1861,1398,110,353,190,Barranquilla
67,2020-05-31,1984,1433,118,433,123,Barranquilla
68,2020-06-01,2079,1450,133,496,95,Barranquilla
69,2020-06-02,2261,1539,150,572,182,Barranquilla
70,2020-06-03,2399,1579,179,641,138,Barranquilla
71,2020-06-04,2719,1823,195,701,320,Barranquilla
72,2020-06-05,2921,1904,215,802,202,Barranquilla
73,2020-06-06,3105,2019,234,852,184,Barranquilla
74,2020-06-07,3282,2058,258,966,177,Barranquilla
75,2020-06-08,3418,2049,278,1091,136,Barranquilla
76,2020-06-09,3664,2225,307,1132,246,Barranquilla
77,2020-06-10,3883,2358,330,1195,219,Barranquilla
78,2020-06-11,4087,2482,359,1246,204,Barranquilla
79,2020-06-12,4478,2760,387,1331,391,Barranquilla
80,2020-06-13,4764,2969,413,1382,286,Barranquilla
81,2020-06-14,5092,3224,446,1422,328,Barranquilla
82,2020-06-15,5888,3956,475,1457,796,Barranquilla
83,2020-06-16,6161,4152,516,1493,273,Barranquilla
84,2020-06-17,6601,4501,549,1551,440,Barranquilla
85,2020-06-18,7161,4900,590,1671,560,Barranquilla
86,2020-06-19,7565,5145,623,1797,404,Barranquilla
87,2020-06-20,8083,5495,656,1932,518,Barranquilla
88,2020-06-21,8501,5693,688,2120,418,Barranquilla
89,2020-06-22,8833,5847,726,2260,332,Barranquilla
90,2020-06-23,9175,5931,767,2477,342,Barranquilla
91,2020-06-24,9699,6229,801,2669,524,Barranquilla
92,2020-06-25,9961,6170,838,2953,262,Barranquilla
93,2020-06-26,10850,6672,872,3306,889,Barranquilla
94,2020-06-27,11412,6965,900,3547,562,Barranquilla
95,2020-06-28,11930,7250,927,3753,518,Barranquilla
96,2020-06-29,12283,7280,956,4047,353,Barranquilla
97,2020-06-30,12676,7315,981,4380,393,Barranquilla
98,2020-07-01,13050,7379,1009,4662,374,Barranquilla
99,2020-07-02,13665,7744,1053,4868,615,Barranquilla
100,2020-07-03,14017,7860,1087,5070,352,Barranquilla
101,2020-07-04,14381,8013,1112,5256,364,Barranquilla
102,2020-07-05,14910,8339,1139,5432,529,Barranquilla
103,2020-07-06,15282,8307,1175,5800,372,Barranquilla
104,2020-07-07,15801,8405,1201,6195,519,Barranquilla
105,2020-07-08,16181,8402,1225,6554,380,Barranquilla
106,2020-07-09,16859,8552,1252,7055,678,Barranquilla
107,2020-07-10,17618,8703,1277,7638,759,Barranquilla
108,2020-07-11,18005,8657,1297,8051,387,Barranquilla
109,2020-07-12,18654,8899,1313,8442,649,Barranquilla
110,2020-07-13,19060,8802,1336,8922,406,Barranquilla
111,2020-07-14,19647,8841,1358,9448,587,Barranquilla
112,2020-07-15,20064,8579,1379,10106,417,Barranquilla
113,2020-07-16,21034,8930,1396,10708,970,Barranquilla
114,2020-07-17,23071,10157,1413,11501,2037,Barranquilla
115,2020-07-18,24568,10551,1439,12578,1497,Barranquilla
116,2020-07-19,24925,9680,1456,13789,357,Barranquilla
117,2020-07-20,25441,9584,1466,14391,516,Barranquilla
118,2020-07-21,25903,9706,1478,14719,462,Barranquilla
119,2020-07-22,26134,9506,1491,15137,231,Barranquilla
120,2020-07-23,26432,8878,1507,16047,298,Barranquilla
121,2020-07-24,26635,8758,1515,16362,203,Barranquilla
122,2020-07-25,26934,7822,1528,17584,299,Barranquilla
123,2020-07-26,27365,7692,1537,18136,431,Barranquilla
124,2020-07-27,27739,6999,1549,19191,374,Barranquilla
125,2020-07-28,28484,7147,1559,19778,745,Barranquilla
126,2020-07-29,28781,6785,1569,20427,297,Barranquilla
127,2020-07-30,29264,6335,1581,21348,483,Barranquilla
128,2020-07-31,29491,6112,1586,21793,227,Barranquilla
129,2020-08-01,29913,5968,1595,22350,422,Barranquilla
130,2020-08-02,30304,5907,1600,22797,391,Barranquilla
131,2020-08-03,30728,5807,1603,23318,424,Barranquilla
132,2020-08-04,31224,5680,1612,23932,496,Barranquilla
133,2020-08-05,31478,5666,1617,24195,254,Barranquilla
134,2020-08-06,31654,5412,1623,24619,176,Barranquilla
135,2020-08-07,32041,5382,1630,25029,387,Barranquilla
136,2020-08-08,32392,5333,1637,25422,351,Barranquilla
137,2020-08-09,32749,5210,1642,25897,357,Barranquilla
138,2020-08-10,33070,5087,1645,26338,321,Barranquilla
139,2020-08-11,33346,5032,1651,26663,276,Barranquilla
140,2020-08-12,33472,4921,1654,26897,126,Barranquilla
141,2020-08-13,33674,4788,1658,27228,202,Barranquilla
142,2020-08-14,33826,4208,1663,27955,152,Barranquilla
143,2020-08-15,34037,3980,1664,28393,211,Barranquilla
144,2020-08-16,34206,3821,1667,28718,169,Barranquilla
145,2020-08-17,34301,3500,1671,29130,95,Barranquilla
146,2020-08-18,34510,3461,1672,29377,209,Barranquilla
147,2020-08-19,34856,3548,1674,29634,346,Barranquilla
148,2020-08-20,35019,3096,1681,30242,163,Barranquilla
149,2020-08-21,35119,2927,1683,30509,100,Barranquilla
150,2020-08-22,35159,2779,1683,30697,40,Barranquilla
151,2020-08-23,35323,2730,1685,30908,164,Barranquilla
152,2020-08-24,35476,2622,1689,31165,153,Barranquilla
153,2020-08-25,35602,2457,1691,31454,126,Barranquilla
154,2020-08-26,35688,2340,1692,31656,86,Barranquilla
155,2020-08-27,35814,2216,1695,31903,126,Barranquilla
156,2020-08-28,35885,1902,1700,32283,71,Barranquilla
157,2020-08-29,35949,1800,1704,32445,64,Barranquilla
158,2020-08-30,36033,1608,1708,32717,84,Barranquilla
159,2020-08-31,36095,1567,1710,32818,62,Barranquilla
160,2020-09-01,36183,1513,1718,32952,88,Barranquilla
161,2020-09-02,36240,1434,1722,33084,57,Barranquilla
162,2020-09-03,36440,1445,1722,33273,200,Barranquilla
163,2020-09-04,36517,1388,1723,33406,77,Barranquilla
164,2020-09-05,36608,1241,1723,33644,91,Barranquilla
165,2020-09-06,36657,1111,1723,33823,49,Barranquilla
166,2020-03-06,1,1,0,0,1,Bogotá D.C.
167,2020-03-11,3,3,0,0,2,Bogotá D.C.
168,2020-03-12,5,5,0,0,2,Bogotá D.C.
169,2020-03-13,6,5,0,1,1,Bogotá D.C.
170,2020-03-14,16,14,0,2,10,Bogotá D.C.
171,2020-03-15,26,24,0,2,10,Bogotá D.C.
172,2020-03-16,32,30,0,2,6,Bogotá D.C.
173,2020-03-17,39,37,0,2,7,Bogotá D.C.
174,2020-03-18,44,42,0,2,5,Bogotá D.C.
175,2020-03-19,52,50,0,2,8,Bogotá D.C.
176,2020-03-20,79,76,0,3,27,Bogotá D.C.
177,2020-03-21,84,79,0,5,5,Bogotá D.C.
178,2020-03-22,88,81,0,7,4,Bogotá D.C.
179,2020-03-23,117,106,0,11,29,Bogotá D.C.
180,2020-03-24,158,144,0,14,41,Bogotá D.C.
181,2020-03-25,172,157,1,14,14,Bogotá D.C.
182,2020-03-26,179,155,3,21,7,Bogotá D.C.
183,2020-03-27,217,183,3,31,38,Bogotá D.C.
184,2020-03-28,255,210,6,39,38,Bogotá D.C.
185,2020-03-29,288,233,7,48,33,Bogotá D.C.
186,2020-03-30,343,277,8,58,55,Bogotá D.C.
187,2020-03-31,383,310,10,63,40,Bogotá D.C.
188,2020-04-01,464,375,11,78,81,Bogotá D.C.
189,2020-04-02,532,424,15,93,68,Bogotá D.C.
190,2020-04-03,576,447,20,109,44,Bogotá D.C.
191,2020-04-04,680,535,30,115,104,Bogotá D.C.
192,2020-04-05,710,556,34,120,30,Bogotá D.C.
193,2020-04-06,761,593,40,128,51,Bogotá D.C.
194,2020-04-07,845,667,45,133,84,Bogotá D.C.
195,2020-04-08,975,790,47,138,130,Bogotá D.C.
196,2020-04-09,1011,813,51,147,36,Bogotá D.C.
197,2020-04-10,1099,887,54,158,88,Bogotá D.C.
198,2020-04-11,1143,910,59,174,44,Bogotá D.C.
199,2020-04-12,1162,869,60,233,19,Bogotá D.C.
200,2020-04-13,1186,842,64,280,24,Bogotá D.C.
201,2020-04-14,1222,835,70,317,36,Bogotá D.C.
202,2020-04-15,1270,810,73,387,48,Bogotá D.C.
203,2020-04-16,1313,813,77,423,43,Bogotá D.C.
204,2020-04-17,1372,859,78,435,59,Bogotá D.C.
205,2020-04-18,1458,925,80,453,86,Bogotá D.C.
206,2020-04-19,1577,1023,84,470,119,Bogotá D.C.
207,2020-04-20,1656,1060,88,508,79,Bogotá D.C.
208,2020-04-21,1730,1105,94,531,74,Bogotá D.C.
209,2020-04-22,1814,1138,95,581,84,Bogotá D.C.
210,2020-04-23,1861,1137,97,627,47,Bogotá D.C.
211,2020-04-24,2040,1279,101,660,179,Bogotá D.C.
212,2020-04-25,2129,1322,102,705,89,Bogotá D.C.
213,2020-04-26,2221,1373,108,740,92,Bogotá D.C.
214,2020-04-27,2326,1425,111,790,105,Bogotá D.C.
215,2020-04-28,2390,1443,117,830,64,Bogotá D.C.
216,2020-04-29,2523,1511,123,889,133,Bogotá D.C.
217,2020-04-30,2612,1559,131,922,89,Bogotá D.C.
218,2020-05-01,2759,1630,134,995,147,Bogotá D.C.
219,2020-05-02,2830,1626,137,1067,71,Bogotá D.C.
220,2020-05-03,2942,1681,140,1121,112,Bogotá D.C.
221,2020-05-04,3069,1716,145,1208,127,Bogotá D.C.
222,2020-05-05,3262,1770,147,1345,193,Bogotá D.C.
223,2020-05-06,3462,1863,154,1445,200,Bogotá D.C.
224,2020-05-07,3592,1900,157,1535,130,Bogotá D.C.
225,2020-05-08,3818,2070,161,1587,226,Bogotá D.C.
226,2020-05-09,4028,2185,167,1676,210,Bogotá D.C.
227,2020-05-10,4156,2208,174,1774,128,Bogotá D.C.
228,2020-05-11,4306,2258,181,1867,150,Bogotá D.C.
229,2020-05-12,4564,2463,181,1920,258,Bogotá D.C.
230,2020-05-13,4686,2483,184,2019,122,Bogotá D.C.
231,2020-05-14,4895,2641,186,2068,209,Bogotá D.C.
232,2020-05-15,5010,2669,193,2148,115,Bogotá D.C.
233,2020-05-16,5287,2866,197,2224,277,Bogotá D.C.
234,2020-05-17,5528,3042,200,2286,241,Bogotá D.C.
235,2020-05-18,5725,3159,206,2360,197,Bogotá D.C.
236,2020-05-19,5941,3313,211,2417,216,Bogotá D.C.
237,2020-05-20,6194,3473,217,2504,253,Bogotá D.C.
238,2020-05-21,6316,3485,227,2604,122,Bogotá D.C.
239,2020-05-22,6596,3679,236,2681,280,Bogotá D.C.
240,2020-05-23,6979,3991,245,2743,383,Bogotá D.C.
241,2020-05-24,7217,4088,250,2879,238,Bogotá D.C.
242,2020-05-25,7394,4161,254,2979,177,Bogotá D.C.
243,2020-05-26,7751,4393,262,3096,357,Bogotá D.C.
244,2020-05-27,8056,4562,268,3226,305,Bogotá D.C.
245,2020-05-28,8546,4958,272,3316,490,Bogotá D.C.
246,2020-05-29,9173,5484,283,3406,627,Bogotá D.C.
247,2020-05-30,9651,5878,290,3483,478,Bogotá D.C.
248,2020-05-31,10002,5756,301,3945,351,Bogotá D.C.
249,2020-06-01,10386,6024,309,4053,384,Bogotá D.C.
250,2020-06-02,10757,6017,315,4425,371,Bogotá D.C.
251,2020-06-03,11262,6170,324,4768,505,Bogotá D.C.
252,2020-06-04,11799,6515,335,4949,537,Bogotá D.C.
253,2020-06-05,12202,6634,349,5219,403,Bogotá D.C.
254,2020-06-06,12579,6846,358,5375,377,Bogotá D.C.
255,2020-06-07,12895,6878,368,5649,316,Bogotá D.C.
256,2020-06-08,13338,7065,381,5892,443,Bogotá D.C.
257,2020-06-09,13718,7233,395,6090,380,Bogotá D.C.
258,2020-06-10,14138,7213,406,6519,420,Bogotá D.C.
259,2020-06-11,14546,7398,420,6728,408,Bogotá D.C.
260,2020-06-12,14950,7549,428,6973,404,Bogotá D.C.
261,2020-06-13,15469,7844,438,7187,519,Bogotá D.C.
262,2020-06-14,16048,8227,457,7364,579,Bogotá D.C.
263,2020-06-15,16416,8462,475,7479,368,Bogotá D.C.
264,2020-06-16,16851,8711,489,7651,435,Bogotá D.C.
265,2020-06-17,17403,8956,513,7934,552,Bogotá D.C.
266,2020-06-18,18189,9393,522,8274,786,Bogotá D.C.
267,2020-06-19,19230,10014,539,8677,1041,Bogotá D.C.
268,2020-06-20,19757,10027,551,9179,527,Bogotá D.C.
269,2020-06-21,20699,10548,573,9578,942,Bogotá D.C.
270,2020-06-22,21532,10935,593,10004,833,Bogotá D.C.
271,2020-06-23,22400,11427,618,10355,868,Bogotá D.C.
272,2020-06-24,23360,12020,642,10698,960,Bogotá D.C.
273,2020-06-25,24633,12719,663,11251,1273,Bogotá D.C.
274,2020-06-26,25534,13208,688,11638,901,Bogotá D.C.
275,2020-06-27,27109,14355,719,12035,1575,Bogotá D.C.
276,2020-06-28,27921,14665,752,12504,812,Bogotá D.C.
277,2020-06-29,29314,15625,777,12912,1393,Bogotá D.C.
278,2020-06-30,30031,15745,809,13477,717,Bogotá D.C.
279,2020-07-01,31430,16714,838,13878,1399,Bogotá D.C.
280,2020-07-02,32737,17710,876,14151,1307,Bogotá D.C.
281,2020-07-03,34140,18721,922,14497,1403,Bogotá D.C.
282,2020-07-04,35276,19406,956,14914,1136,Bogotá D.C.
283,2020-07-05,36563,20280,995,15288,1287,Bogotá D.C.
284,2020-07-06,37649,20515,1038,16096,1086,Bogotá D.C.
285,2020-07-07,39256,21648,1088,16520,1607,Bogotá D.C.
286,2020-07-08,40741,22620,1134,16987,1485,Bogotá D.C.
287,2020-07-09,42349,23573,1203,17573,1608,Bogotá D.C.
288,2020-07-10,45056,25613,1267,18176,2707,Bogotá D.C.
289,2020-07-11,47541,27468,1341,18732,2485,Bogotá D.C.
290,2020-07-12,49659,29019,1401,19239,2118,Bogotá D.C.
291,2020-07-13,51293,29921,1475,19897,1634,Bogotá D.C.
292,2020-07-14,53142,31077,1547,20518,1849,Bogotá D.C.
293,2020-07-15,55066,32187,1634,21245,1924,Bogotá D.C.
294,2020-07-16,56839,32819,1711,22309,1773,Bogotá D.C.
295,2020-07-17,58955,33778,1811,23366,2116,Bogotá D.C.
296,2020-07-18,60445,34056,1894,24495,1490,Bogotá D.C.
297,2020-07-19,63314,36068,1960,25286,2869,Bogotá D.C.
298,2020-07-20,65647,37463,2055,26129,2333,Bogotá D.C.
299,2020-07-21,67910,38979,2169,26762,2263,Bogotá D.C.
300,2020-07-22,70899,41102,2265,27532,2989,Bogotá D.C.
301,2020-07-23,74651,43211,2377,29063,3752,Bogotá D.C.
302,2020-07-24,77941,44010,2485,31446,3290,Bogotá D.C.
303,2020-07-25,81236,45657,2589,32990,3295,Bogotá D.C.
304,2020-07-26,84268,46966,2700,34602,3032,Bogotá D.C.
305,2020-07-27,86909,46777,2803,37329,2641,Bogotá D.C.
306,2020-07-28,91462,48482,2900,40080,4553,Bogotá D.C.
307,2020-07-29,95245,50082,3012,42151,3783,Bogotá D.C.
308,2020-07-30,98260,51008,3139,44113,3015,Bogotá D.C.
309,2020-07-31,101980,52312,3266,46402,3720,Bogotá D.C.
310,2020-08-01,104681,52110,3354,49217,2701,Bogotá D.C.
311,2020-08-02,109268,54020,3462,51786,4587,Bogotá D.C.
312,2020-08-03,111572,53875,3581,54116,2304,Bogotá D.C.
313,2020-08-04,113835,54359,3687,55789,2263,Bogotá D.C.
314,2020-08-05,118087,57017,3800,57270,4252,Bogotá D.C.
315,2020-08-06,124155,61870,3899,58386,6068,Bogotá D.C.
316,2020-08-07,126786,62756,4011,60019,2631,Bogotá D.C.
317,2020-08-08,130275,64609,4130,61536,3489,Bogotá D.C.
318,2020-08-09,133672,66374,4231,63067,3397,Bogotá D.C.
319,2020-08-10,137058,67295,4318,65445,3386,Bogotá D.C.
320,2020-08-11,142020,67410,4421,70189,4962,Bogotá D.C.
321,2020-08-12,146142,66181,4505,75456,4122,Bogotá D.C.
322,2020-08-13,149983,64718,4592,80673,3841,Bogotá D.C.
323,2020-08-14,154489,66038,4668,83783,4506,Bogotá D.C.
324,2020-08-15,158712,66798,4743,87171,4223,Bogotá D.C.
325,2020-08-16,163339,66801,4826,91712,4627,Bogotá D.C.
326,2020-08-17,166718,65210,4901,96607,3379,Bogotá D.C.
327,2020-08-18,171370,65220,5002,101148,4652,Bogotá D.C.
328,2020-08-19,176385,65358,5091,105936,5015,Bogotá D.C.
329,2020-08-20,179599,65574,5170,108855,3214,Bogotá D.C.
330,2020-08-21,181834,65158,5250,111426,2235,Bogotá D.C.
331,2020-08-22,186101,66054,5331,114716,4267,Bogotá D.C.
332,2020-08-23,188275,61404,5392,121479,2174,Bogotá D.C.
333,2020-08-24,192701,62201,5463,125037,4426,Bogotá D.C.
334,2020-08-25,195187,61090,5554,128543,2486,Bogotá D.C.
335,2020-08-26,199364,61337,5625,132402,4177,Bogotá D.C.
336,2020-08-27,201879,60293,5711,135875,2515,Bogotá D.C.
337,2020-08-28,204060,56989,5766,141305,2181,Bogotá D.C.
338,2020-08-29,207398,56036,5844,145518,3338,Bogotá D.C.
339,2020-08-30,209244,54636,5900,148708,1846,Bogotá D.C.
340,2020-08-31,211293,54107,5961,151225,2049,Bogotá D.C.
341,2020-09-01,213624,51957,6011,155656,2331,Bogotá D.C.
342,2020-09-02,216647,51484,6067,159096,3023,Bogotá D.C.
343,2020-09-03,219578,52462,6117,160999,2931,Bogotá D.C.
344,2020-09-04,221737,53758,6182,161797,2159,Bogotá D.C.
345,2020-09-05,223522,52186,6221,165115,1785,Bogotá D.C.
346,2020-09-06,225947,53390,6227,166330,2425,Bogotá D.C.
347,2020-03-13,1,1,0,0,1,Cali
348,2020-03-16,3,3,0,0,2,Cali
349,2020-03-17,8,8,0,0,5,Cali
350,2020-03-20,9,9,0,0,1,Cali
351,2020-03-21,15,15,0,0,6,Cali
352,2020-03-22,19,19,0,0,4,Cali
353,2020-03-23,22,21,0,1,3,Cali
354,2020-03-24,45,44,0,1,23,Cali
355,2020-03-25,46,43,2,1,1,Cali
356,2020-03-26,48,43,2,3,2,Cali
357,2020-03-28,56,47,2,7,8,Cali
358,2020-03-29,63,54,2,7,7,Cali
359,2020-03-30,70,59,3,8,7,Cali
360,2020-03-31,78,63,4,11,8,Cali
361,2020-04-01,101,85,4,12,23,Cali
362,2020-04-02,103,85,4,14,2,Cali
363,2020-04-03,116,96,5,15,13,Cali
364,2020-04-04,130,107,7,16,14,Cali
365,2020-04-05,144,120,7,17,14,Cali
366,2020-04-06,153,125,9,19,9,Cali
367,2020-04-07,166,137,9,20,13,Cali
368,2020-04-08,237,208,9,20,71,Cali
369,2020-04-09,268,230,10,28,31,Cali
370,2020-04-10,331,291,10,30,63,Cali
371,2020-04-11,376,335,10,31,45,Cali
372,2020-04-12,382,332,14,36,6,Cali
373,2020-04-13,387,329,15,43,5,Cali
374,2020-04-14,399,332,17,50,12,Cali
375,2020-04-15,414,341,20,53,15,Cali
376,2020-04-16,432,348,24,60,18,Cali
377,2020-04-17,462,372,25,65,30,Cali
378,2020-04-18,474,377,28,69,12,Cali
379,2020-04-19,483,372,31,80,9,Cali
380,2020-04-20,521,397,33,91,38,Cali
381,2020-04-21,545,398,34,113,24,Cali
382,2020-04-22,568,412,36,120,23,Cali
383,2020-04-23,601,436,38,127,33,Cali
384,2020-04-24,618,443,38,137,17,Cali
385,2020-04-25,634,442,38,154,16,Cali
386,2020-04-26,653,443,39,171,19,Cali
387,2020-04-27,659,441,41,177,6,Cali
388,2020-04-28,688,449,42,197,29,Cali
389,2020-04-29,708,457,45,206,20,Cali
390,2020-04-30,745,488,46,211,37,Cali
391,2020-05-01,793,522,46,225,48,Cali
392,2020-05-02,834,552,47,235,41,Cali
393,2020-05-03,836,543,47,246,2,Cali
394,2020-05-04,862,555,50,257,26,Cali
395,2020-05-05,890,551,50,289,28,Cali
396,2020-05-06,929,565,52,312,39,Cali
397,2020-05-07,967,593,54,320,38,Cali
398,2020-05-08,1003,602,55,346,36,Cali
399,2020-05-09,1054,624,56,374,51,Cali
400,2020-05-10,1064,611,58,395,10,Cali
401,2020-05-11,1090,613,62,415,26,Cali
402,2020-05-12,1117,614,63,440,27,Cali
403,2020-05-13,1169,629,65,475,52,Cali
404,2020-05-14,1233,671,69,493,64,Cali
405,2020-05-15,1272,700,69,503,39,Cali
406,2020-05-16,1333,728,69,536,61,Cali
407,2020-05-17,1403,780,71,552,70,Cali
408,2020-05-18,1428,787,74,567,25,Cali
409,2020-05-19,1508,854,76,578,80,Cali
410,2020-05-20,1574,898,82,594,66,Cali
411,2020-05-21,1631,936,83,612,57,Cali
412,2020-05-22,1736,1018,86,632,105,Cali
413,2020-05-23,1816,1071,88,657,80,Cali
414,2020-05-24,1905,1131,94,680,89,Cali
415,2020-05-25,1949,1139,98,712,44,Cali
416,2020-05-26,2084,1237,102,745,135,Cali
417,2020-05-27,2196,1323,106,767,112,Cali
418,2020-05-28,2306,1397,111,798,110,Cali
419,2020-05-29,2402,1458,117,827,96,Cali
420,2020-05-30,2546,1574,122,850,144,Cali
421,2020-05-31,2611,1509,126,976,65,Cali
422,2020-06-01,2691,1563,129,999,80,Cali
423,2020-06-02,2770,1562,133,1075,79,Cali
424,2020-06-03,2900,1650,136,1114,130,Cali
425,2020-06-04,2982,1679,138,1165,82,Cali
426,2020-06-05,3098,1743,141,1214,116,Cali
427,2020-06-06,3221,1811,147,1263,123,Cali
428,2020-06-07,3268,1766,151,1351,47,Cali
429,2020-06-08,3434,1829,159,1446,166,Cali
430,2020-06-09,3550,1895,162,1493,116,Cali
431,2020-06-10,3661,1925,163,1573,111,Cali
432,2020-06-11,3882,2101,165,1616,221,Cali
433,2020-06-12,3992,2132,170,1690,110,Cali
434,2020-06-13,4136,2222,173,1741,144,Cali
435,2020-06-14,4297,2332,181,1784,161,Cali
436,2020-06-15,4475,2490,183,1802,178,Cali
437,2020-06-16,4603,2574,190,1839,128,Cali
438,2020-06-17,4771,2649,196,1926,168,Cali
439,2020-06-18,4993,2794,200,1999,222,Cali
440,2020-06-19,5158,2819,205,2134,165,Cali
441,2020-06-20,5318,2853,216,2249,160,Cali
442,2020-06-21,5521,2942,224,2355,203,Cali
443,2020-06-22,5629,2959,228,2442,108,Cali
444,2020-06-23,5819,3045,235,2539,190,Cali
445,2020-06-24,6135,3250,243,2642,316,Cali
446,2020-06-25,6418,3393,249,2776,283,Cali
447,2020-06-26,6627,3458,257,2912,209,Cali
448,2020-06-27,6894,3610,263,3021,267,Cali
449,2020-06-28,7023,3512,265,3246,129,Cali
450,2020-06-29,7115,3497,274,3344,92,Cali
451,2020-06-30,7373,3557,282,3534,258,Cali
452,2020-07-01,7796,3865,293,3638,423,Cali
453,2020-07-02,8096,4033,299,3764,300,Cali
454,2020-07-03,8343,4169,312,3862,247,Cali
455,2020-07-04,8722,4449,321,3952,379,Cali
456,2020-07-05,8864,4458,333,4073,142,Cali
457,2020-07-06,9044,4471,343,4230,180,Cali
458,2020-07-07,9308,4585,363,4360,264,Cali
459,2020-07-08,9621,4686,376,4559,313,Cali
460,2020-07-09,10017,4847,384,4786,396,Cali
461,2020-07-10,10471,5113,396,4962,454,Cali
462,2020-07-11,10688,5134,404,5150,217,Cali
463,2020-07-12,10882,5173,419,5290,194,Cali
464,2020-07-13,11115,5218,429,5468,233,Cali
465,2020-07-14,11389,5242,448,5699,274,Cali
466,2020-07-15,11852,5510,465,5877,463,Cali
467,2020-07-16,12150,5542,477,6131,298,Cali
468,2020-07-17,12540,5701,494,6345,390,Cali
469,2020-07-18,13109,6043,513,6553,569,Cali
470,2020-07-19,13281,5923,531,6827,172,Cali
471,2020-07-20,13645,6067,556,7022,364,Cali
472,2020-07-21,13962,6183,582,7197,317,Cali
473,2020-07-22,14586,6648,606,7332,624,Cali
474,2020-07-23,15184,6859,636,7689,598,Cali
475,2020-07-24,15577,6823,658,8096,393,Cali
476,2020-07-25,15965,6847,682,8436,388,Cali
477,2020-07-26,16487,7100,700,8687,522,Cali
478,2020-07-27,16909,7080,727,9102,422,Cali
479,2020-07-28,17446,7203,752,9491,537,Cali
480,2020-07-29,17765,7070,774,9921,319,Cali
481,2020-07-30,18467,7350,797,10320,702,Cali
482,2020-07-31,19041,7472,819,10750,574,Cali
483,2020-08-01,19827,7848,841,11138,786,Cali
484,2020-08-02,20325,8007,863,11455,498,Cali
485,2020-08-03,21101,8463,882,11756,776,Cali
486,2020-08-04,21461,8370,903,12188,360,Cali
487,2020-08-05,22280,8594,922,12764,819,Cali
488,2020-08-06,23179,9043,946,13190,899,Cali
489,2020-08-07,23697,9163,970,13564,518,Cali
490,2020-08-08,24086,9143,998,13945,389,Cali
491,2020-08-09,24764,9282,1018,14464,678,Cali
492,2020-08-10,25026,8971,1041,15014,262,Cali
493,2020-08-11,25711,9334,1065,15312,685,Cali
494,2020-08-12,27363,10620,1081,15662,1652,Cali
495,2020-08-13,28031,10738,1101,16192,668,Cali
496,2020-08-14,28585,10674,1113,16798,554,Cali
497,2020-08-15,29117,9249,1130,18738,532,Cali
498,2020-08-16,29559,8837,1147,19575,442,Cali
499,2020-08-17,29893,8170,1166,20557,334,Cali
500,2020-08-18,30714,8559,1178,20977,821,Cali
501,2020-08-19,31545,8659,1193,21693,831,Cali
502,2020-08-20,32539,9051,1205,22283,994,Cali
503,2020-08-21,33037,9028,1222,22787,498,Cali
504,2020-08-22,33564,8845,1237,23482,527,Cali
505,2020-08-23,33837,8612,1253,23972,273,Cali
506,2020-08-24,34315,8402,1268,24645,478,Cali
507,2020-08-25,34902,8363,1282,25257,587,Cali
508,2020-08-26,35129,7955,1294,25880,227,Cali
509,2020-08-27,35525,7643,1309,26573,396,Cali
510,2020-08-28,35893,7480,1329,27084,368,Cali
511,2020-08-29,36218,7107,1343,27768,325,Cali
512,2020-08-30,36552,6792,1365,28395,334,Cali
513,2020-08-31,36861,6611,1385,28865,309,Cali
514,2020-09-01,37425,6554,1402,29469,564,Cali
515,2020-09-02,37807,6247,1412,30148,382,Cali
516,2020-09-03,38068,6000,1423,30645,261,Cali
517,2020-09-04,38464,6091,1432,30941,396,Cali
518,2020-09-05,38885,5455,1443,31987,421,Cali
519,2020-09-06,39334,5423,1447,32464,449,Cali
520,2020-03-11,1,1,0,0,1,Cartagena de Indias
521,2020-03-15,3,3,0,0,2,Cartagena de Indias
522,2020-03-16,5,4,1,0,2,Cartagena de Indias
523,2020-03-17,6,4,1,1,1,Cartagena de Indias
524,2020-03-18,9,7,1,1,3,Cartagena de Indias
525,2020-03-19,10,8,1,1,1,Cartagena de Indias
526,2020-03-20,11,9,1,1,1,Cartagena de Indias
527,2020-03-21,15,13,1,1,4,Cartagena de Indias
528,2020-03-23,16,14,1,1,1,Cartagena de Indias
529,2020-03-24,21,19,1,1,5,Cartagena de Indias
530,2020-03-25,26,21,1,4,5,Cartagena de Indias
531,2020-03-28,27,21,1,5,1,Cartagena de Indias
532,2020-03-29,34,26,1,7,7,Cartagena de Indias
533,2020-03-30,37,27,3,7,3,Cartagena de Indias
534,2020-03-31,39,28,4,7,2,Cartagena de Indias
535,2020-04-03,42,30,4,8,3,Cartagena de Indias
536,2020-04-06,53,39,5,9,11,Cartagena de Indias
537,2020-04-07,56,41,5,10,3,Cartagena de Indias
538,2020-04-08,65,40,5,20,9,Cartagena de Indias
539,2020-04-09,79,52,6,21,14,Cartagena de Indias
540,2020-04-10,100,69,7,24,21,Cartagena de Indias
541,2020-04-11,108,75,8,25,8,Cartagena de Indias
542,2020-04-12,114,79,9,26,6,Cartagena de Indias
543,2020-04-13,124,82,10,32,10,Cartagena de Indias
544,2020-04-14,134,86,10,38,10,Cartagena de Indias
545,2020-04-15,148,91,10,47,14,Cartagena de Indias
546,2020-04-16,156,89,12,55,8,Cartagena de Indias
547,2020-04-17,161,89,13,59,5,Cartagena de Indias
548,2020-04-18,171,98,14,59,10,Cartagena de Indias
549,2020-04-19,172,96,14,62,1,Cartagena de Indias
550,2020-04-20,181,99,15,67,9,Cartagena de Indias
551,2020-04-21,184,94,15,75,3,Cartagena de Indias
552,2020-04-23,188,94,16,78,4,Cartagena de Indias
553,2020-04-24,199,94,18,87,11,Cartagena de Indias
554,2020-04-25,205,96,19,90,6,Cartagena de Indias
555,2020-04-26,219,108,19,92,14,Cartagena de Indias
556,2020-04-27,222,106,21,95,3,Cartagena de Indias
557,2020-04-28,235,116,22,97,13,Cartagena de Indias
558,2020-04-29,245,116,23,106,10,Cartagena de Indias
559,2020-04-30,270,137,26,107,25,Cartagena de Indias
560,2020-05-01,284,146,28,110,14,Cartagena de Indias
561,2020-05-02,309,166,29,114,25,Cartagena de Indias
562,2020-05-03,326,178,33,115,17,Cartagena de Indias
563,2020-05-04,344,190,36,118,18,Cartagena de Indias
564,2020-05-05,375,212,41,122,31,Cartagena de Indias
565,2020-05-06,399,228,45,126,24,Cartagena de Indias
566,2020-05-07,404,223,50,131,5,Cartagena de Indias
567,2020-05-08,496,302,53,141,92,Cartagena de Indias
568,2020-05-09,541,342,56,143,45,Cartagena de Indias
569,2020-05-10,633,424,60,149,92,Cartagena de Indias
570,2020-05-11,689,461,65,163,56,Cartagena de Indias
571,2020-05-12,773,536,70,167,84,Cartagena de Indias
572,2020-05-13,881,632,72,177,108,Cartagena de Indias
573,2020-05-14,988,730,78,180,107,Cartagena de Indias
574,2020-05-15,1077,802,84,191,89,Cartagena de Indias
575,2020-05-16,1202,915,89,198,125,Cartagena de Indias
576,2020-05-17,1259,950,94,215,57,Cartagena de Indias
577,2020-05-18,1390,1050,101,239,131,Cartagena de Indias
578,2020-05-19,1465,1102,104,259,75,Cartagena de Indias
579,2020-05-20,1551,1143,110,298,86,Cartagena de Indias
580,2020-05-21,1674,1235,115,324,123,Cartagena de Indias
581,2020-05-22,1719,1219,120,380,45,Cartagena de Indias
582,2020-05-23,1885,1347,126,412,166,Cartagena de Indias
583,2020-05-24,2117,1534,135,448,232,Cartagena de Indias
584,2020-05-25,2149,1531,143,475,32,Cartagena de Indias
585,2020-05-26,2223,1570,148,505,74,Cartagena de Indias
586,2020-05-27,2343,1639,153,551,120,Cartagena de Indias
587,2020-05-28,2475,1717,161,597,132,Cartagena de Indias
588,2020-05-29,2651,1811,163,677,176,Cartagena de Indias
589,2020-05-30,2829,1928,167,734,178,Cartagena de Indias
590,2020-05-31,2975,1991,170,814,146,Cartagena de Indias
591,2020-06-01,3049,2019,176,854,74,Cartagena de Indias
592,2020-06-02,3133,1987,179,967,84,Cartagena de Indias
593,2020-06-03,3326,2074,186,1066,193,Cartagena de Indias
594,2020-06-04,3468,2128,190,1150,142,Cartagena de Indias
595,2020-06-05,3602,2175,197,1230,134,Cartagena de Indias
596,2020-06-06,3700,2220,206,1274,98,Cartagena de Indias
597,2020-06-07,3840,2257,209,1374,140,Cartagena de Indias
598,2020-06-08,3926,2253,214,1459,86,Cartagena de Indias
599,2020-06-09,4054,2331,219,1504,128,Cartagena de Indias
600,2020-06-10,4171,2371,222,1578,117,Cartagena de Indias
601,2020-06-11,4303,2451,225,1627,132,Cartagena de Indias
602,2020-06-12,4423,2510,232,1681,120,Cartagena de Indias
603,2020-06-13,4564,2593,240,1731,141,Cartagena de Indias
604,2020-06-14,4777,2761,247,1769,213,Cartagena de Indias
605,2020-06-15,4859,2821,254,1784,82,Cartagena de Indias
606,2020-06-16,4998,2909,257,1832,139,Cartagena de Indias
607,2020-06-17,5115,2875,264,1976,117,Cartagena de Indias
608,2020-06-18,5349,2937,281,2131,234,Cartagena de Indias
609,2020-06-19,5710,3157,286,2267,361,Cartagena de Indias
610,2020-06-20,5927,3193,289,2445,217,Cartagena de Indias
611,2020-06-21,6167,3181,305,2681,240,Cartagena de Indias
612,2020-06-22,6436,3319,310,2807,269,Cartagena de Indias
613,2020-06-23,6595,3273,318,3004,159,Cartagena de Indias
614,2020-06-24,6778,3313,326,3139,183,Cartagena de Indias
615,2020-06-25,7112,3357,334,3421,334,Cartagena de Indias
616,2020-06-26,7351,3342,341,3668,239,Cartagena de Indias
617,2020-06-27,7664,3504,352,3808,313,Cartagena de Indias
618,2020-06-28,7879,3531,360,3988,215,Cartagena de Indias
619,2020-06-29,8004,3456,367,4181,125,Cartagena de Indias
620,2020-06-30,8169,3441,374,4354,165,Cartagena de Indias
621,2020-07-01,8387,3519,377,4491,218,Cartagena de Indias
622,2020-07-02,8607,3588,379,4640,220,Cartagena de Indias
623,2020-07-03,8818,3663,388,4767,211,Cartagena de Indias
624,2020-07-04,9065,3694,392,4979,247,Cartagena de Indias
625,2020-07-05,9394,3877,400,5117,329,Cartagena de Indias
626,2020-07-06,9594,3772,403,5419,200,Cartagena de Indias
627,2020-07-07,9797,3763,405,5629,203,Cartagena de Indias
628,2020-07-08,10052,3862,413,5777,255,Cartagena de Indias
629,2020-07-09,10247,3814,417,6016,195,Cartagena de Indias
630,2020-07-10,10480,3806,420,6254,233,Cartagena de Indias
631,2020-07-11,10621,3740,424,6457,141,Cartagena de Indias
632,2020-07-12,10872,3799,430,6643,251,Cartagena de Indias
633,2020-07-13,10995,3711,435,6849,123,Cartagena de Indias
634,2020-07-14,11209,3762,437,7010,214,Cartagena de Indias
635,2020-07-15,11419,3703,440,7276,210,Cartagena de Indias
636,2020-07-16,12101,4085,443,7573,682,Cartagena de Indias
637,2020-07-17,12541,4168,448,7925,440,Cartagena de Indias
638,2020-07-18,13055,4282,451,8322,514,Cartagena de Indias
639,2020-07-19,13238,4085,457,8696,183,Cartagena de Indias
640,2020-07-20,13452,4088,464,8900,214,Cartagena de Indias
641,2020-07-21,13702,4190,467,9045,250,Cartagena de Indias
642,2020-07-22,13863,4207,469,9187,161,Cartagena de Indias
643,2020-07-23,14015,4002,475,9538,152,Cartagena de Indias
644,2020-07-24,14129,3968,480,9681,114,Cartagena de Indias
645,2020-07-25,14259,3690,482,10087,130,Cartagena de Indias
646,2020-07-26,14596,3750,485,10361,337,Cartagena de Indias
647,2020-07-27,14705,3499,486,10720,109,Cartagena de Indias
648,2020-07-28,15026,3601,490,10935,321,Cartagena de Indias
649,2020-07-29,15209,3398,493,11318,183,Cartagena de Indias
650,2020-07-30,15419,3255,494,11670,210,Cartagena de Indias
651,2020-07-31,15617,3215,497,11905,198,Cartagena de Indias
652,2020-08-01,15937,3202,499,12236,320,Cartagena de Indias
653,2020-08-02,16172,3252,505,12415,235,Cartagena de Indias
654,2020-08-03,16358,3224,509,12625,186,Cartagena de Indias
655,2020-08-04,16428,3030,512,12886,70,Cartagena de Indias
656,2020-08-05,16639,3031,515,13093,211,Cartagena de Indias
657,2020-08-06,16705,2825,518,13362,66,Cartagena de Indias
658,2020-08-07,16914,2854,518,13542,209,Cartagena de Indias
659,2020-08-08,17047,2747,519,13781,133,Cartagena de Indias
660,2020-08-09,17211,2668,523,14020,164,Cartagena de Indias
661,2020-08-10,17336,2593,524,14219,125,Cartagena de Indias
662,2020-08-11,17511,2636,525,14350,175,Cartagena de Indias
663,2020-08-12,17640,2565,525,14550,129,Cartagena de Indias
664,2020-08-13,17731,2522,528,14681,91,Cartagena de Indias
665,2020-08-14,17845,2394,528,14923,114,Cartagena de Indias
666,2020-08-15,18047,2297,528,15222,202,Cartagena de Indias
667,2020-08-16,18174,2237,529,15408,127,Cartagena de Indias
668,2020-08-17,18233,2101,529,15603,59,Cartagena de Indias
669,2020-08-18,18440,2164,531,15745,207,Cartagena de Indias
670,2020-08-19,18562,2040,535,15987,122,Cartagena de Indias
671,2020-08-20,18627,1794,536,16297,65,Cartagena de Indias
672,2020-08-21,18703,1725,540,16438,76,Cartagena de Indias
673,2020-08-22,19215,2080,542,16593,512,Cartagena de Indias
674,2020-08-23,19268,1664,543,17061,53,Cartagena de Indias
675,2020-08-24,19411,1617,543,17251,143,Cartagena de Indias
676,2020-08-25,19691,1688,544,17459,280,Cartagena de Indias
677,2020-08-26,19835,1601,545,17689,144,Cartagena de Indias
678,2020-08-27,20087,1545,545,17997,252,Cartagena de Indias
679,2020-08-28,20146,1507,546,18093,59,Cartagena de Indias
680,2020-08-29,20270,1555,546,18169,124,Cartagena de Indias
681,2020-08-30,20360,1517,547,18296,90,Cartagena de Indias
682,2020-08-31,20442,1432,549,18461,82,Cartagena de Indias
683,2020-09-01,20582,1493,551,18538,140,Cartagena de Indias
684,2020-09-02,20630,1477,552,18601,48,Cartagena de Indias
685,2020-09-03,20697,1340,555,18802,67,Cartagena de Indias
686,2020-09-04,20758,1245,556,18957,61,Cartagena de Indias
687,2020-09-05,20815,1111,556,19148,57,Cartagena de Indias
688,2020-09-06,20922,1052,556,19314,107,Cartagena de Indias
689,2020-03-09,1,1,0,0,1,Medellín
690,2020-03-11,3,3,0,0,2,Medellín
691,2020-03-14,5,5,0,0,2,Medellín
692,2020-03-15,6,5,0,1,1,Medellín
693,2020-03-19,9,8,0,1,3,Medellín
694,2020-03-20,16,15,0,1,7,Medellín
695,2020-03-21,17,16,0,1,1,Medellín
696,2020-03-22,19,18,0,1,2,Medellín
697,2020-03-23,32,29,0,3,13,Medellín
698,2020-03-25,38,33,0,5,6,Medellín
699,2020-03-28,42,34,0,8,4,Medellín
700,2020-03-29,50,35,0,15,8,Medellín
701,2020-03-30,58,37,0,21,8,Medellín
702,2020-03-31,62,36,0,26,4,Medellín
703,2020-04-01,63,32,0,31,1,Medellín
704,2020-04-02,73,40,0,33,10,Medellín
705,2020-04-03,84,46,1,37,11,Medellín
706,2020-04-04,86,44,1,41,2,Medellín
707,2020-04-05,95,49,1,45,9,Medellín
708,2020-04-06,100,52,1,47,5,Medellín
709,2020-04-07,113,60,1,52,13,Medellín
710,2020-04-08,140,86,1,53,27,Medellín
711,2020-04-09,142,84,1,57,2,Medellín
712,2020-04-10,147,86,1,60,5,Medellín
713,2020-04-11,150,87,1,62,3,Medellín
714,2020-04-12,157,94,1,62,7,Medellín
715,2020-04-13,167,100,1,66,10,Medellín
716,2020-04-14,180,112,1,67,13,Medellín
717,2020-04-15,190,121,1,68,10,Medellín
718,2020-04-16,194,125,1,68,4,Medellín
719,2020-04-17,200,128,1,71,6,Medellín
720,2020-04-18,208,132,2,74,8,Medellín
721,2020-04-19,219,132,2,85,11,Medellín
722,2020-04-20,225,132,2,91,6,Medellín
723,2020-04-21,228,128,2,98,3,Medellín
724,2020-04-22,234,132,2,100,6,Medellín
725,2020-04-23,249,138,2,109,15,Medellín
726,2020-04-24,254,138,2,114,5,Medellín
727,2020-04-25,255,136,2,117,1,Medellín
728,2020-04-26,258,133,2,123,3,Medellín
729,2020-04-27,266,136,3,127,8,Medellín
730,2020-04-28,269,133,3,133,3,Medellín
731,2020-04-29,273,133,3,137,4,Medellín
732,2020-04-30,277,135,3,139,4,Medellín
733,2020-05-01,278,134,3,141,1,Medellín
734,2020-05-03,284,137,3,144,6,Medellín
735,2020-05-04,287,138,3,146,3,Medellín
736,2020-05-05,290,130,3,157,3,Medellín
737,2020-05-06,293,129,3,161,3,Medellín
738,2020-05-07,296,126,3,167,3,Medellín
739,2020-05-08,299,118,3,178,3,Medellín
740,2020-05-09,300,107,3,190,1,Medellín
741,2020-05-10,302,106,3,193,2,Medellín
742,2020-05-11,307,94,3,210,5,Medellín
743,2020-05-12,311,96,3,212,4,Medellín
744,2020-05-13,318,96,3,219,7,Medellín
745,2020-05-14,328,105,3,220,10,Medellín
746,2020-05-15,335,107,3,225,7,Medellín
747,2020-05-16,341,111,3,227,6,Medellín
748,2020-05-17,349,114,3,232,8,Medellín
749,2020-05-18,355,116,3,236,6,Medellín
750,2020-05-19,368,129,3,236,13,Medellín
751,2020-05-20,372,130,3,239,4,Medellín
752,2020-05-21,385,141,3,241,13,Medellín
753,2020-05-22,393,146,3,244,8,Medellín
754,2020-05-23,427,176,3,248,34,Medellín
755,2020-05-24,440,174,3,263,13,Medellín
756,2020-05-25,446,170,3,273,6,Medellín
757,2020-05-26,469,182,3,284,23,Medellín
758,2020-05-27,483,195,3,285,14,Medellín
759,2020-05-28,504,209,3,292,21,Medellín
760,2020-05-29,515,217,3,295,11,Medellín
761,2020-05-30,531,231,3,297,16,Medellín
762,2020-05-31,548,227,3,318,17,Medellín
763,2020-06-01,553,230,3,320,5,Medellín
764,2020-06-02,577,239,3,335,24,Medellín
765,2020-06-03,593,244,3,346,16,Medellín
766,2020-06-04,606,248,3,355,13,Medellín
767,2020-06-05,619,243,4,372,13,Medellín
768,2020-06-06,632,244,4,384,13,Medellín
769,2020-06-07,648,245,4,399,16,Medellín
770,2020-06-08,676,266,4,406,28,Medellín
771,2020-06-09,710,290,4,416,34,Medellín
772,2020-06-10,739,300,4,435,29,Medellín
773,2020-06-11,757,307,4,446,18,Medellín
774,2020-06-12,786,316,4,466,29,Medellín
775,2020-06-13,819,337,4,478,33,Medellín
776,2020-06-14,851,362,5,484,32,Medellín
777,2020-06-15,902,408,6,488,51,Medellín
778,2020-06-16,937,439,6,492,35,Medellín
779,2020-06-17,975,460,7,508,38,Medellín
780,2020-06-18,1037,496,7,534,62,Medellín
781,2020-06-19,1129,562,7,560,92,Medellín
782,2020-06-20,1174,579,8,587,45,Medellín
783,2020-06-21,1238,623,10,605,64,Medellín
784,2020-06-22,1278,627,11,640,40,Medellín
785,2020-06-23,1331,651,11,669,53,Medellín
786,2020-06-24,1414,705,16,693,83,Medellín
787,2020-06-25,1509,780,17,712,95,Medellín
788,2020-06-26,1628,870,17,741,119,Medellín
789,2020-06-27,1760,987,17,756,132,Medellín
790,2020-06-28,1888,1083,17,788,128,Medellín
791,2020-06-29,1962,1105,18,839,74,Medellín
792,2020-06-30,2085,1173,20,892,123,Medellín
793,2020-07-01,2202,1246,24,932,117,Medellín
794,2020-07-02,2382,1381,29,972,180,Medellín
795,2020-07-03,2527,1489,33,1005,145,Medellín
796,2020-07-04,2758,1695,36,1027,231,Medellín
797,2020-07-05,2924,1835,37,1052,166,Medellín
798,2020-07-06,3152,2010,43,1099,228,Medellín
799,2020-07-07,3392,2204,44,1144,240,Medellín
800,2020-07-08,3625,2393,45,1187,233,Medellín
801,2020-07-09,3925,2630,55,1240,300,Medellín
802,2020-07-10,4332,2981,61,1290,407,Medellín
803,2020-07-11,4492,3063,72,1357,160,Medellín
804,2020-07-12,4798,3323,84,1391,306,Medellín
805,2020-07-13,5026,3490,100,1436,228,Medellín
806,2020-07-14,5572,3979,111,1482,546,Medellín
807,2020-07-15,6044,4385,118,1541,472,Medellín
808,2020-07-16,6497,4730,129,1638,453,Medellín
809,2020-07-17,7096,5235,141,1720,599,Medellín
810,2020-07-18,7983,6017,150,1816,887,Medellín
811,2020-07-19,8444,6166,167,2111,461,Medellín
812,2020-07-20,9135,6734,177,2224,691,Medellín
813,2020-07-21,10136,7533,198,2405,1001,Medellín
814,2020-07-22,10763,8034,215,2514,627,Medellín
815,2020-07-23,11228,8269,231,2728,465,Medellín
816,2020-07-24,12018,8760,245,3013,790,Medellín
817,2020-07-25,12781,9284,256,3241,763,Medellín
818,2020-07-26,13373,9633,277,3463,592,Medellín
819,2020-07-27,14607,10569,288,3750,1234,Medellín
820,2020-07-28,15281,10845,317,4119,674,Medellín
821,2020-07-29,16224,11337,340,4547,943,Medellín
822,2020-07-30,17074,11846,359,4869,850,Medellín
823,2020-07-31,18180,12459,378,5343,1106,Medellín
824,2020-08-01,19760,13528,404,5828,1580,Medellín
825,2020-08-02,20987,14263,424,6300,1227,Medellín
826,2020-08-03,22641,15114,445,7082,1654,Medellín
827,2020-08-04,23296,15104,465,7727,655,Medellín
828,2020-08-05,24117,15115,480,8522,821,Medellín
829,2020-08-06,24912,15148,507,9257,795,Medellín
830,2020-08-07,26128,15497,528,10103,1216,Medellín
831,2020-08-08,27032,15641,554,10837,904,Medellín
832,2020-08-09,28039,15217,584,12238,1007,Medellín
833,2020-08-10,29667,15906,602,13159,1628,Medellín
834,2020-08-11,30769,16408,620,13741,1102,Medellín
835,2020-08-12,31720,16655,642,14423,951,Medellín
836,2020-08-13,32594,16450,660,15484,874,Medellín
837,2020-08-14,33626,16432,682,16512,1032,Medellín
838,2020-08-15,34638,15862,719,18057,1012,Medellín
839,2020-08-16,35511,15261,739,19511,873,Medellín
840,2020-08-17,36131,14283,758,21090,620,Medellín
841,2020-08-18,37042,14077,779,22186,911,Medellín
842,2020-08-19,38018,13304,800,23914,976,Medellín
843,2020-08-20,38445,12200,820,25425,427,Medellín
844,2020-08-21,39126,11807,845,26474,681,Medellín
845,2020-08-22,40048,11870,858,27320,922,Medellín
846,2020-08-23,40850,11666,881,28303,802,Medellín
847,2020-08-24,41380,11318,899,29163,530,Medellín
848,2020-08-25,41995,10826,928,30241,615,Medellín
849,2020-08-26,43350,11235,941,31174,1355,Medellín
850,2020-08-27,44072,11150,966,31956,722,Medellín
851,2020-08-28,45087,11447,989,32651,1015,Medellín
852,2020-08-29,45845,11282,1007,33556,758,Medellín
853,2020-08-30,46415,10907,1025,34483,570,Medellín
854,2020-08-31,47339,10990,1044,35305,924,Medellín
855,2020-09-01,47972,10399,1058,36515,633,Medellín
856,2020-09-02,48705,10219,1072,37414,733,Medellín
857,2020-09-03,49013,9923,1082,38008,308,Medellín
858,2020-09-04,49974,9375,1094,39505,961,Medellín
859,2020-09-05,50987,9687,1105,40195,1013,Medellín
860,2020-09-06,51618,9027,1107,41484,631,Medellín
861,2020-09-07,228287,50054,6323,171910,2340,Bogotá D.C.
862,2020-09-08,230572,49284,6383,174906,2305,Bogotá D.C.
863,2020-09-09,232798,48495,6447,177856,2268,Bogotá D.C.
864,2020-09-10,234963,47685,6524,180753,2231,Bogotá D.C.
865,2020-09-11,237060,46868,6606,183586,2191,Bogotá D.C.
866,2020-09-12,239082,46041,6699,186342,2147,Bogotá D.C.
867,2020-09-13,241014,45213,6797,189004,2093,Bogotá D.C.
868,2020-09-14,242842,44378,6904,191560,2030,Bogotá D.C.
869,2020-09-15,244555,43543,7016,193995,1959,Bogotá D.C.
870,2020-09-16,246135,42705,7136,196294,1877,Bogotá D.C.
871,2020-09-17,247570,41866,7261,198442,1785,Bogotá D.C.
872,2020-09-18,248844,41028,7392,200424,1685,Bogotá D.C.
873,2020-09-19,249945,40195,7527,202223,1575,Bogotá D.C.
874,2020-09-20,250856,39365,7666,203825,1455,Bogotá D.C.
875,2020-09-21,252261,38338,7757,206166,1405,Bogotá D.C.
876,2020-09-22,253617,37313,7846,208458,1356,Bogotá D.C.
877,2020-09-23,254924,36291,7933,210700,1307,Bogotá D.C.
878,2020-09-24,256183,35273,8018,212892,1259,Bogotá D.C.
879,2020-09-25,257395,34260,8101,215034,1212,Bogotá D.C.
880,2020-09-26,258560,33253,8182,217125,1165,Bogotá D.C.
881,2020-09-27,259680,32254,8261,219165,1120,Bogotá D.C.
882,2020-09-28,260755,31264,8338,221153,1075,Bogotá D.C.
883,2020-09-29,261786,30282,8414,223090,1031,Bogotá D.C.
884,2020-09-30,262774,29310,8488,224976,988,Bogotá D.C.
885,2020-10-01,263720,28350,8560,226810,946,Bogotá D.C.
886,2020-10-02,264626,27403,8630,228593,906,Bogotá D.C.
887,2020-10-03,265492,26469,8698,230325,866,Bogotá D.C.
888,2020-10-04,266319,25549,8764,232006,827,Bogotá D.C.
889,2020-10-05,267109,24644,8828,233637,790,Bogotá D.C.
890,2020-10-06,267862,23754,8890,235218,753,Bogotá D.C.
891,2020-10-07,268580,22881,8950,236749,718,Bogotá D.C.
892,2020-10-08,269264,22025,9008,238231,684,Bogotá D.C.
893,2020-10-09,269915,21187,9064,239664,651,Bogotá D.C.
894,2020-10-10,270534,20366,9119,241049,619,Bogotá D.C.
895,2020-10-11,271122,19563,9172,242387,588,Bogotá D.C.
896,2020-10-12,271680,18779,9223,243678,558,Bogotá D.C.
897,2020-10-13,272209,18013,9272,244924,529,Bogotá D.C.
898,2020-10-14,272710,17266,9320,246124,501,Bogotá D.C.
899,2020-10-15,273184,16538,9366,247280,474,Bogotá D.C.
900,2020-10-16,273633,15831,9410,248392,449,Bogotá D.C.
901,2020-10-17,274057,15143,9452,249462,424,Bogotá D.C.
902,2020-10-18,274458,14475,9493,250490,401,Bogotá D.C.
903,2020-10-19,274836,13827,9532,251477,378,Bogotá D.C.
904,2020-10-20,275192,13198,9570,252424,356,Bogotá D.C.
905,2020-10-21,275528,12590,9606,253332,336,Bogotá D.C.
906,2020-10-22,275844,12001,9641,254202,316,Bogotá D.C.
907,2020-10-23,276141,11432,9674,255035,297,Bogotá D.C.
908,2020-10-24,276420,10882,9706,255832,279,Bogotá D.C.
909,2020-10-25,276682,10350,9737,256595,262,Bogotá D.C.
910,2020-10-26,276927,9838,9766,257323,245,Bogotá D.C.
911,2020-10-27,277157,9344,9794,258019,230,Bogotá D.C.
912,2020-10-28,277372,8868,9821,258683,215,Bogotá D.C.
913,2020-10-29,277573,8411,9846,259316,201,Bogotá D.C.
914,2020-10-30,277761,7972,9870,259919,188,Bogotá D.C.
915,2020-10-31,277937,7551,9893,260493,176,Bogotá D.C.
916,2020-11-01,278101,7147,9915,261039,164,Bogotá D.C.
917,2020-11-02,278254,6760,9936,261558,153,Bogotá D.C.
918,2020-11-03,278396,6389,9956,262051,142,Bogotá D.C.
919,2020-11-04,278528,6034,9975,262519,132,Bogotá D.C.
920,2020-11-05,278651,5695,9993,262963,123,Bogotá D.C.
921,2020-11-06,278765,5371,10010,263384,114,Bogotá D.C.
922,2020-11-07,278871,5063,10026,263782,106,Bogotá D.C.
923,2020-11-08,278969,4769,10041,264159,98,Bogotá D.C.
924,2020-11-09,279059,4487,10056,264516,90,Bogotá D.C.
925,2020-11-10,279143,4220,10070,264853,84,Bogotá D.C.
926,2020-11-11,279220,3966,10083,265171,77,Bogotá D.C.
927,2020-11-12,279291,3725,10095,265471,71,Bogotá D.C.
928,2020-11-13,279357,3496,10107,265754,66,Bogotá D.C.
929,2020-11-14,279417,3278,10118,266021,60,Bogotá D.C.
930,2020-11-15,279473,3072,10129,266272,56,Bogotá D.C.
931,2020-11-16,279524,2876,10139,266509,51,Bogotá D.C.
932,2020-11-17,279571,2692,10148,266731,47,Bogotá D.C.
933,2020-11-18,279614,2517,10157,266940,43,Bogotá D.C.
934,2020-11-19,279653,2352,10165,267136,39,Bogotá D.C.
935,2020-11-20,279689,2196,10173,267320,36,Bogotá D.C.
936,2020-11-21,279722,2049,10180,267493,33,Bogotá D.C.
937,2020-11-22,279752,1910,10187,267655,30,Bogotá D.C.
938,2020-11-23,279779,1779,10194,267806,27,Bogotá D.C.
939,2020-11-24,279804,1656,10200,267948,25,Bogotá D.C.
940,2020-11-25,279827,1541,10206,268080,23,Bogotá D.C.
941,2020-11-26,279848,1433,10211,268204,21,Bogotá D.C.
942,2020-11-27,279867,1331,10216,268320,19,Bogotá D.C.
943,2020-11-28,279884,1235,10221,268428,17,Bogotá D.C.
944,2020-11-29,279899,1145,10226,268528,15,Bogotá D.C.
945,2020-11-30,279913,1062,10230,268621,14,Bogotá D.C.
946,2020-12-01,279926,984,10234,268708,13,Bogotá D.C.
947,2020-12-02,279937,910,10238,268789,11,Bogotá D.C.
948,2020-12-03,279947,841,10242,268864,10,Bogotá D.C.
949,2020-12-04,279956,777,10245,268934,9,Bogotá D.C.
950,2020-12-05,279964,717,10248,268999,8,Bogotá D.C.
951,2020-09-07,52636,9428,1132,42076,1018,Medellín
952,2020-09-08,53402,9272,1145,42986,807,Medellín
953,2020-09-09,54116,9123,1158,43835,780,Medellín
954,2020-09-10,54776,8984,1173,44620,754,Medellín
955,2020-09-11,55381,8854,1187,45340,728,Medellín
956,2020-09-12,55922,8729,1200,45992,694,Medellín
957,2020-09-13,56402,8611,1215,46576,664,Medellín
958,2020-09-14,56812,8494,1230,47088,627,Medellín
959,2020-09-15,57146,8374,1245,47527,584,Medellín
960,2020-09-16,57405,8256,1260,47889,544,Medellín
961,2020-09-17,57583,8137,1275,48171,500,Medellín
962,2020-09-18,57677,8016,1290,48371,453,Medellín
963,2020-09-19,57683,7892,1306,48486,404,Medellín
964,2020-09-20,57594,7761,1321,48512,349,Medellín
965,2020-09-21,57930,7618,1335,48977,336,Medellín
966,2020-09-22,58254,7471,1349,49434,324,Medellín
967,2020-09-23,58566,7320,1363,49883,312,Medellín
968,2020-09-24,58866,7165,1377,50324,300,Medellín
969,2020-09-25,59154,7006,1391,50757,288,Medellín
970,2020-09-26,59429,6844,1404,51181,275,Medellín
971,2020-09-27,59692,6679,1417,51596,263,Medellín
972,2020-09-28,59943,6511,1430,52002,251,Medellín
973,2020-09-29,60183,6341,1443,52399,240,Medellín
974,2020-09-30,60411,6170,1455,52786,228,Medellín
975,2020-10-01,60628,5998,1467,53163,217,Medellín
976,2020-10-02,60834,5825,1479,53530,206,Medellín
977,2020-10-03,61029,5650,1491,53888,195,Medellín
978,2020-10-04,61214,5476,1502,54236,185,Medellín
979,2020-10-05,61389,5303,1513,54573,175,Medellín
980,2020-10-06,61554,5130,1524,54900,165,Medellín
981,2020-10-07,61709,4958,1534,55217,155,Medellín
982,2020-10-08,61855,4787,1544,55524,146,Medellín
983,2020-10-09,61992,4617,1554,55821,137,Medellín
984,2020-10-10,62120,4448,1564,56108,128,Medellín
985,2020-10-11,62240,4282,1573,56385,120,Medellín
986,2020-10-12,62352,4118,1582,56652,112,Medellín
987,2020-10-13,62456,3955,1591,56910,104,Medellín
988,2020-10-14,62553,3796,1599,57158,97,Medellín
989,2020-10-15,62643,3640,1607,57396,90,Medellín
990,2020-10-16,62726,3486,1615,57625,83,Medellín
991,2020-10-17,62803,3335,1623,57845,77,Medellín
992,2020-10-18,62874,3188,1630,58056,71,Medellín
993,2020-10-19,62939,3044,1637,58258,65,Medellín
994,2020-10-20,62999,2904,1644,58451,60,Medellín
995,2020-10-21,63054,2768,1650,58636,55,Medellín
996,2020-10-22,63104,2636,1656,58812,50,Medellín
997,2020-10-23,63149,2507,1662,58980,45,Medellín
998,2020-10-24,63190,2382,1668,59140,41,Medellín
999,2020-10-25,63227,2261,1673,59293,37,Medellín
1000,2020-10-26,63260,2144,1678,59438,33,Medellín
1001,2020-10-27,63290,2031,1683,59576,30,Medellín
1002,2020-10-28,63317,1922,1688,59707,27,Medellín
1003,2020-10-29,63341,1817,1693,59831,24,Medellín
1004,2020-10-30,63362,1717,1697,59948,21,Medellín
1005,2020-10-31,63380,1620,1701,60059,18,Medellín
1006,2020-11-01,63396,1527,1705,60164,16,Medellín
1007,2020-11-02,63410,1438,1709,60263,14,Medellín
1008,2020-11-03,63422,1352,1713,60357,12,Medellín
1009,2020-11-04,63432,1271,1716,60445,10,Medellín
1010,2020-11-05,63440,1193,1719,60528,8,Medellín
1011,2020-11-06,63447,1119,1722,60606,7,Medellín
1012,2020-11-07,63453,1048,1725,60680,6,Medellín
1013,2020-11-08,63457,980,1728,60749,4,Medellín
1014,2020-11-09,63460,915,1731,60814,3,Medellín
1015,2020-11-10,63462,853,1734,60875,2,Medellín
1016,2020-11-11,63464,796,1736,60932,2,Medellín
1017,2020-11-12,63465,742,1738,60985,1,Medellín
1018,2020-11-13,63465,691,1740,61034,0,Medellín
1019,2020-11-14,63465,643,1742,61080,0,Medellín
1020,2020-11-15,63465,598,1744,61123,0,Medellín
1021,2020-11-16,63465,556,1746,61163,0,Medellín
1022,2020-11-17,63465,517,1748,61200,0,Medellín
1023,2020-11-18,63465,480,1750,61235,0,Medellín
1024,2020-11-19,63465,446,1752,61267,0,Medellín
1025,2020-11-20,63465,414,1754,61297,0,Medellín
1026,2020-11-21,63465,385,1755,61325,0,Medellín
1027,2020-11-22,63465,358,1756,61351,0,Medellín
1028,2020-11-23,63465,332,1757,61376,0,Medellín
1029,2020-11-24,63465,308,1758,61399,0,Medellín
1030,2020-11-25,63465,286,1759,61420,0,Medellín
1031,2020-11-26,63465,265,1760,61440,0,Medellín
1032,2020-11-27,63465,246,1761,61458,0,Medellín
1033,2020-11-28,63465,228,1762,61475,0,Medellín
1034,2020-11-29,63465,211,1763,61491,0,Medellín
1035,2020-11-30,63465,195,1764,61506,0,Medellín
1036,2020-12-01,63465,180,1765,61520,0,Medellín
1037,2020-12-02,63465,166,1766,61533,0,Medellín
1038,2020-12-03,63465,153,1767,61545,0,Medellín
1039,2020-12-04,63465,141,1768,61556,0,Medellín
1040,2020-12-05,63465,130,1769,61566,0,Medellín
1041,2020-09-07,36829,1087,1725,34017,172,Barranquilla
1042,2020-09-08,36922,1008,1725,34189,103,Barranquilla
1043,2020-09-09,37006,936,1727,34343,99,Barranquilla
1044,2020-09-10,37078,870,1730,34478,93,Barranquilla
1045,2020-09-11,37138,810,1733,34595,87,Barranquilla
1046,2020-09-12,37186,759,1735,34692,81,Barranquilla
1047,2020-09-13,37221,713,1739,34768,74,Barranquilla
1048,2020-09-14,37243,677,1743,34822,68,Barranquilla
1049,2020-09-15,37251,649,1748,34855,60,Barranquilla
1050,2020-09-16,37245,628,1752,34865,52,Barranquilla
1051,2020-09-17,37225,618,1757,34850,46,Barranquilla
1052,2020-09-18,37190,616,1762,34812,37,Barranquilla
1053,2020-09-19,37139,624,1767,34748,29,Barranquilla
1054,2020-09-20,37073,640,1773,34660,21,Barranquilla
1055,2020-09-21,37092,611,1776,34705,19,Barranquilla
1056,2020-09-22,37110,583,1779,34748,18,Barranquilla
1057,2020-09-23,37127,556,1782,34789,17,Barranquilla
1058,2020-09-24,37143,530,1785,34828,16,Barranquilla
1059,2020-09-25,37158,506,1787,34865,15,Barranquilla
1060,2020-09-26,37172,482,1789,34901,14,Barranquilla
1061,2020-09-27,37185,459,1791,34935,13,Barranquilla
1062,2020-09-28,37198,437,1793,34968,13,Barranquilla
1063,2020-09-29,37210,416,1795,34999,12,Barranquilla
1064,2020-09-30,37221,395,1797,35029,11,Barranquilla
1065,2020-10-01,37231,375,1799,35057,10,Barranquilla
1066,2020-10-02,37241,356,1801,35084,10,Barranquilla
1067,2020-10-03,37250,337,1803,35110,9,Barranquilla
1068,2020-10-04,37259,319,1805,35135,9,Barranquilla
1069,2020-10-05,37267,302,1807,35158,8,Barranquilla
1070,2020-10-06,37274,285,1809,35180,7,Barranquilla
1071,2020-10-07,37281,269,1811,35201,7,Barranquilla
1072,2020-10-08,37287,253,1813,35221,6,Barranquilla
1073,2020-10-09,37293,239,1814,35240,6,Barranquilla
1074,2020-10-10,37299,226,1815,35258,6,Barranquilla
1075,2020-10-11,37304,213,1816,35275,5,Barranquilla
1076,2020-10-12,37309,201,1817,35291,5,Barranquilla
1077,2020-10-13,37314,190,1818,35306,5,Barranquilla
1078,2020-10-14,37318,179,1819,35320,4,Barranquilla
1079,2020-10-15,37322,168,1820,35334,4,Barranquilla
1080,2020-10-16,37326,158,1821,35347,4,Barranquilla
1081,2020-10-17,37329,148,1822,35359,3,Barranquilla
1082,2020-10-18,37332,139,1823,35370,3,Barranquilla
1083,2020-10-19,37335,130,1824,35381,3,Barranquilla
1084,2020-10-20,37338,122,1825,35391,3,Barranquilla
1085,2020-10-21,37341,114,1826,35401,3,Barranquilla
1086,2020-10-22,37343,106,1827,35410,2,Barranquilla
1087,2020-10-23,37345,99,1828,35418,2,Barranquilla
1088,2020-10-24,37347,92,1829,35426,2,Barranquilla
1089,2020-10-25,37349,86,1830,35433,2,Barranquilla
1090,2020-10-26,37351,80,1831,35440,2,Barranquilla
1091,2020-10-27,37353,74,1832,35447,2,Barranquilla
1092,2020-10-28,37354,68,1833,35453,1,Barranquilla
1093,2020-10-29,37355,62,1834,35459,1,Barranquilla
1094,2020-10-30,37356,57,1835,35464,1,Barranquilla
1095,2020-10-31,37357,52,1836,35469,1,Barranquilla
1096,2020-11-01,37358,48,1837,35473,1,Barranquilla
1097,2020-11-02,37359,44,1838,35477,1,Barranquilla
1098,2020-11-03,37360,40,1839,35481,1,Barranquilla
1099,2020-11-04,37361,36,1840,35485,1,Barranquilla
1100,2020-11-05,37362,33,1841,35488,1,Barranquilla
1101,2020-11-06,37363,30,1842,35491,1,Barranquilla
1102,2020-11-07,37364,27,1843,35494,1,Barranquilla
1103,2020-11-08,37365,24,1844,35497,1,Barranquilla
1104,2020-11-09,37366,22,1845,35499,1,Barranquilla
1105,2020-11-10,37367,20,1846,35501,1,Barranquilla
1106,2020-11-11,37368,18,1847,35503,1,Barranquilla
1107,2020-11-12,37369,16,1848,35505,1,Barranquilla
1108,2020-11-13,37370,14,1849,35507,1,Barranquilla
1109,2020-11-14,37371,12,1850,35509,1,Barranquilla
1110,2020-11-15,37372,11,1851,35510,1,Barranquilla
1111,2020-11-16,37373,10,1852,35511,1,Barranquilla
1112,2020-11-17,37374,9,1853,35512,1,Barranquilla
1113,2020-11-18,37375,8,1854,35513,1,Barranquilla
1114,2020-11-19,37376,7,1855,35514,1,Barranquilla
1115,2020-11-20,37377,6,1856,35515,1,Barranquilla
1116,2020-11-21,37378,5,1857,35516,1,Barranquilla
1117,2020-11-22,37379,4,1858,35517,1,Barranquilla
1118,2020-11-23,37380,3,1859,35518,1,Barranquilla
1119,2020-11-24,37381,2,1860,35519,1,Barranquilla
1120,2020-11-25,37382,1,1861,35520,1,Barranquilla
1121,2020-11-26,37383,0,1862,35521,1,Barranquilla
1122,2020-11-27,37383,0,1862,35521,0,Barranquilla
1123,2020-11-28,37383,0,1862,35521,0,Barranquilla
1124,2020-11-29,37383,0,1862,35521,0,Barranquilla
1125,2020-11-30,37383,0,1862,35521,0,Barranquilla
1126,2020-12-01,37383,0,1862,35521,0,Barranquilla
1127,2020-12-02,37383,0,1862,35521,0,Barranquilla
1128,2020-12-03,37383,0,1862,35521,0,Barranquilla
1129,2020-12-04,37383,0,1862,35521,0,Barranquilla
1130,2020-12-05,37383,0,1862,35521,0,Barranquilla
1131,2020-09-07,39648,4731,1464,33453,314,Cali
1132,2020-09-08,40037,4431,1474,34132,391,Cali
1133,2020-09-09,40399,4153,1486,34760,375,Cali
1134,2020-09-10,40744,3931,1498,35315,367,Cali
1135,2020-09-11,41071,3757,1511,35803,359,Cali
1136,2020-09-12,41375,3633,1524,36217,347,Cali
1137,2020-09-13,41655,3557,1538,36560,335,Cali
1138,2020-09-14,41911,3532,1552,36826,322,Cali
1139,2020-09-15,42139,3557,1567,37016,308,Cali
1140,2020-09-16,42340,3631,1582,37128,293,Cali
1141,2020-09-17,42511,3755,1597,37159,276,Cali
1142,2020-09-18,42651,3931,1613,37107,259,Cali
1143,2020-09-19,42757,4158,1628,36971,240,Cali
1144,2020-09-20,42830,4436,1644,36750,221,Cali
1145,2020-09-21,43046,4356,1657,37033,216,Cali
1146,2020-09-22,43257,4276,1669,37312,211,Cali
1147,2020-09-23,43464,4196,1681,37587,207,Cali
1148,2020-09-24,43666,4114,1693,37859,202,Cali
1149,2020-09-25,43864,4032,1705,38127,198,Cali
1150,2020-09-26,44057,3950,1717,38390,193,Cali
1151,2020-09-27,44245,3868,1728,38649,188,Cali
1152,2020-09-28,44429,3786,1739,38904,184,Cali
1153,2020-09-29,44608,3703,1750,39155,179,Cali
1154,2020-09-30,44783,3620,1761,39402,175,Cali
1155,2020-10-01,44953,3538,1771,39644,170,Cali
1156,2020-10-02,45119,3456,1781,39882,166,Cali
1157,2020-10-03,45280,3374,1791,40115,161,Cali
1158,2020-10-04,45437,3292,1801,40344,157,Cali
1159,2020-10-05,45590,3212,1810,40568,153,Cali
1160,2020-10-06,45738,3131,1819,40788,148,Cali
1161,2020-10-07,45882,3051,1828,41003,144,Cali
1162,2020-10-08,46022,2971,1837,41214,140,Cali
1163,2020-10-09,46158,2892,1846,41420,136,Cali
1164,2020-10-10,46290,2814,1854,41622,132,Cali
1165,2020-10-11,46418,2737,1862,41819,128,Cali
1166,2020-10-12,46542,2660,1870,42012,124,Cali
1167,2020-10-13,46662,2584,1878,42200,120,Cali
1168,2020-10-14,46778,2508,1886,42384,116,Cali
1169,2020-10-15,46890,2434,1893,42563,112,Cali
1170,2020-10-16,46999,2362,1900,42737,109,Cali
1171,2020-10-17,47104,2290,1907,42907,105,Cali
1172,2020-10-18,47205,2218,1914,43073,101,Cali
1173,2020-10-19,47303,2148,1921,43234,98,Cali
1174,2020-10-20,47397,2079,1927,43391,94,Cali
1175,2020-10-21,47488,2012,1933,43543,91,Cali
1176,2020-10-22,47576,1946,1939,43691,88,Cali
1177,2020-10-23,47661,1881,1945,43835,85,Cali
1178,2020-10-24,47742,1816,1951,43975,81,Cali
1179,2020-10-25,47820,1754,1956,44110,78,Cali
1180,2020-10-26,47895,1693,1961,44241,75,Cali
1181,2020-10-27,47968,1634,1966,44368,73,Cali
1182,2020-10-28,48038,1576,1971,44491,70,Cali
1183,2020-10-29,48105,1519,1976,44610,67,Cali
1184,2020-10-30,48169,1462,1981,44726,64,Cali
1185,2020-10-31,48231,1407,1986,44838,62,Cali
1186,2020-11-01,48290,1354,1990,44946,59,Cali
1187,2020-11-02,48347,1303,1994,45050,57,Cali
1188,2020-11-03,48401,1252,1998,45151,54,Cali
1189,2020-11-04,48453,1203,2002,45248,52,Cali
1190,2020-11-05,48503,1155,2006,45342,50,Cali
1191,2020-11-06,48551,1108,2010,45433,48,Cali
1192,2020-11-07,48597,1063,2014,45520,46,Cali
1193,2020-11-08,48641,1020,2017,45604,44,Cali
1194,2020-11-09,48683,978,2020,45685,42,Cali
1195,2020-11-10,48723,937,2023,45763,40,Cali
1196,2020-11-11,48761,897,2026,45838,38,Cali
1197,2020-11-12,48797,858,2029,45910,36,Cali
1198,2020-11-13,48832,821,2032,45979,35,Cali
1199,2020-11-14,48865,784,2035,46046,33,Cali
1200,2020-11-15,48896,748,2038,46110,31,Cali
1201,2020-11-16,48926,714,2041,46171,30,Cali
1202,2020-11-17,48954,681,2043,46230,28,Cali
1203,2020-11-18,48981,650,2045,46286,27,Cali
1204,2020-11-19,49007,620,2047,46340,26,Cali
1205,2020-11-20,49031,590,2049,46392,24,Cali
1206,2020-11-21,49054,562,2051,46441,23,Cali
1207,2020-11-22,49076,535,2053,46488,22,Cali
1208,2020-11-23,49097,509,2055,46533,21,Cali
1209,2020-11-24,49117,484,2057,46576,20,Cali
1210,2020-11-25,49136,460,2059,46617,19,Cali
1211,2020-11-26,49154,437,2061,46656,18,Cali
1212,2020-11-27,49171,415,2063,46693,17,Cali
1213,2020-11-28,49187,393,2065,46729,16,Cali
1214,2020-11-29,49202,372,2067,46763,15,Cali
1215,2020-11-30,49216,352,2069,46795,14,Cali
1216,2020-12-01,49229,333,2070,46826,13,Cali
1217,2020-12-02,49242,316,2071,46855,13,Cali
1218,2020-12-03,49254,299,2072,46883,12,Cali
1219,2020-12-04,49265,283,2073,46909,11,Cali
1220,2020-12-05,49276,268,2074,46934,11,Cali
1221,2020-09-07,21011,969,559,19483,89,Cartagena de Indias
1222,2020-09-08,21112,916,560,19636,104,Cartagena de Indias
1223,2020-09-09,21205,869,562,19774,100,Cartagena de Indias
1224,2020-09-10,21291,831,563,19896,97,Cartagena de Indias
1225,2020-09-11,21366,798,565,20004,92,Cartagena de Indias
1226,2020-09-12,21432,770,567,20096,87,Cartagena de Indias
1227,2020-09-13,21487,748,568,20170,81,Cartagena de Indias
1228,2020-09-14,21531,733,570,20228,76,Cartagena de Indias
1229,2020-09-15,21563,722,572,20269,69,Cartagena de Indias
1230,2020-09-16,21582,717,574,20291,63,Cartagena de Indias
1231,2020-09-17,21588,717,577,20294,55,Cartagena de Indias
1232,2020-09-18,21581,724,579,20279,48,Cartagena de Indias
1233,2020-09-19,21560,736,581,20244,41,Cartagena de Indias
1234,2020-09-20,21525,755,582,20188,33,Cartagena de Indias
1235,2020-09-21,21556,732,583,20241,31,Cartagena de Indias
1236,2020-09-22,21586,710,584,20292,30,Cartagena de Indias
1237,2020-09-23,21614,687,585,20342,28,Cartagena de Indias
1238,2020-09-24,21641,664,586,20391,27,Cartagena de Indias
1239,2020-09-25,21666,641,587,20438,25,Cartagena de Indias
1240,2020-09-26,21690,618,588,20484,24,Cartagena de Indias
1241,2020-09-27,21713,596,589,20528,23,Cartagena de Indias
1242,2020-09-28,21735,574,590,20571,22,Cartagena de Indias
1243,2020-09-29,21755,551,591,20613,20,Cartagena de Indias
1244,2020-09-30,21774,529,592,20653,19,Cartagena de Indias
1245,2020-10-01,21792,507,593,20692,18,Cartagena de Indias
1246,2020-10-02,21809,486,594,20729,17,Cartagena de Indias
1247,2020-10-03,21825,465,595,20765,16,Cartagena de Indias
1248,2020-10-04,21840,444,596,20800,15,Cartagena de Indias
1249,2020-10-05,21854,424,597,20833,14,Cartagena de Indias
1250,2020-10-06,21867,404,598,20865,13,Cartagena de Indias
1251,2020-10-07,21879,385,599,20895,12,Cartagena de Indias
1252,2020-10-08,21890,366,600,20924,11,Cartagena de Indias
1253,2020-10-09,21900,347,601,20952,10,Cartagena de Indias
1254,2020-10-10,21910,329,602,20979,10,Cartagena de Indias
1255,2020-10-11,21919,312,603,21004,9,Cartagena de Indias
1256,2020-10-12,21927,295,604,21028,8,Cartagena de Indias
1257,2020-10-13,21935,279,605,21051,8,Cartagena de Indias
1258,2020-10-14,21942,263,606,21073,7,Cartagena de Indias
1259,2020-10-15,21948,247,607,21094,6,Cartagena de Indias
1260,2020-10-16,21954,233,608,21113,6,Cartagena de Indias
1261,2020-10-17,21959,219,609,21131,5,Cartagena de Indias
1262,2020-10-18,21964,206,610,21148,5,Cartagena de Indias
1263,2020-10-19,21969,193,611,21165,5,Cartagena de Indias
1264,2020-10-20,21973,180,612,21181,4,Cartagena de Indias
1265,2020-10-21,21977,169,612,21196,4,Cartagena de Indias
1266,2020-10-22,21980,158,612,21210,3,Cartagena de Indias
1267,2020-10-23,21983,148,612,21223,3,Cartagena de Indias
1268,2020-10-24,21986,139,612,21235,3,Cartagena de Indias
1269,2020-10-25,21989,130,612,21247,3,Cartagena de Indias
1270,2020-10-26,21991,121,612,21258,2,Cartagena de Indias
1271,2020-10-27,21993,113,612,21268,2,Cartagena de Indias
1272,2020-10-28,21995,105,612,21278,2,Cartagena de Indias
1273,2020-10-29,21997,98,612,21287,2,Cartagena de Indias
1274,2020-10-30,21999,92,612,21295,2,Cartagena de Indias
1275,2020-10-31,22000,85,612,21303,1,Cartagena de Indias
1276,2020-11-01,22001,79,612,21310,1,Cartagena de Indias
1277,2020-11-02,22002,73,612,21317,1,Cartagena de Indias
1278,2020-11-03,22003,67,612,21324,1,Cartagena de Indias
1279,2020-11-04,22004,62,612,21330,1,Cartagena de Indias
1280,2020-11-05,22005,57,612,21336,1,Cartagena de Indias
1281,2020-11-06,22006,53,612,21341,1,Cartagena de Indias
1282,2020-11-07,22007,49,612,21346,1,Cartagena de Indias
1283,2020-11-08,22008,45,612,21351,1,Cartagena de Indias
1284,2020-11-09,22009,42,612,21355,1,Cartagena de Indias
1285,2020-11-10,22010,39,612,21359,1,Cartagena de Indias
1286,2020-11-11,22011,36,612,21363,1,Cartagena de Indias
1287,2020-11-12,22012,33,612,21367,1,Cartagena de Indias
1288,2020-11-13,22013,31,612,21370,1,Cartagena de Indias
1289,2020-11-14,22013,28,612,21373,0,Cartagena de Indias
1290,2020-11-15,22013,25,612,21376,0,Cartagena de Indias
1291,2020-11-16,22013,22,612,21379,0,Cartagena de Indias
1292,2020-11-17,22013,20,612,21381,0,Cartagena de Indias
1293,2020-11-18,22013,18,612,21383,0,Cartagena de Indias
1294,2020-11-19,22013,16,612,21385,0,Cartagena de Indias
1295,2020-11-20,22013,14,612,21387,0,Cartagena de Indias
1296,2020-11-21,22013,12,612,21389,0,Cartagena de Indias
1297,2020-11-22,22013,10,612,21391,0,Cartagena de Indias
1298,2020-11-23,22013,9,612,21392,0,Cartagena de Indias
1299,2020-11-24,22013,8,612,21393,0,Cartagena de Indias
1300,2020-11-25,22013,7,612,21394,0,Cartagena de Indias
1301,2020-11-26,22013,6,612,21395,0,Cartagena de Indias
1302,2020-11-27,22013,5,612,21396,0,Cartagena de Indias
1303,2020-11-28,22013,4,612,21397,0,Cartagena de Indias
1304,2020-11-29,22013,3,612,21398,0,Cartagena de Indias
1305,2020-11-30,22013,2,612,21399,0,Cartagena de Indias
1306,2020-12-01,22013,1,612,21400,0,Cartagena de Indias
1307,2020-12-02,22013,0,612,21401,0,Cartagena de Indias
1308,2020-12-03,22013,0,612,21401,0,Cartagena de Indias
1309,2020-12-04,22013,0,612,21401,0,Cartagena de Indias
1310,2020-12-05,22013,0,612,21401,0,Cartagena de Indias
